dataset,seq_len,method,kbits,vbits,status,ppl,elapsed_sec,peak_allocated_gb,n_eval,calib_dataset,calib_samples,group_size,window_size,sink,clip,error
wikitext2,2048,KIVI,1.5,1.5,ok,6.839299,16.74,16.018,48,wikitext2,256,128,128,5,0.96,
wikitext2,2048,KIVI,2,1.5,ok,6.839299,16.76,16.018,48,wikitext2,256,128,128,5,0.96,
wikitext2,2048,KIVI,2,2,ok,6.839299,16.74,16.018,48,wikitext2,256,128,128,5,0.96,
wikitext2,2048,fp16,1.5,1.5,ok,6.839299,0.00,15.936,48,wikitext2,256,128,128,5,0.96,
wikitext2,2048,fp16,2,1.5,ok,6.839299,0.00,15.936,48,wikitext2,256,128,128,5,0.96,
wikitext2,2048,fp16,2,2,ok,6.839299,16.04,15.936,48,wikitext2,256,128,128,5,0.96,
wikitext2,2048,skvq_baseline,1.5,1.5,ok,13.143270,17.00,17.841,48,wikitext2,256,128,128,5,0.96,
wikitext2,2048,skvq_baseline,2,1.5,ok,8.875615,17.07,17.841,48,wikitext2,256,128,128,5,0.96,
wikitext2,2048,skvq_baseline,2,2,ok,7.557979,16.99,17.841,48,wikitext2,256,128,128,5,0.96,
wikitext2,2048,tq_hybrid,1.5,1.5,ok,28.276632,36.97,18.069,48,wikitext2,256,128,128,5,0.96,
wikitext2,2048,tq_hybrid,2,1.5,ok,19.296822,36.33,18.069,48,wikitext2,256,128,128,5,0.96,
wikitext2,2048,tq_hybrid,2,2,ok,23.296881,41.92,18.069,48,wikitext2,256,128,128,5,0.96,
wikitext2,2048,tq_replace,1.5,1.5,ok,11.139621,17.84,17.844,48,wikitext2,256,128,128,5,0.96,
wikitext2,2048,tq_replace,2,1.5,ok,8.608072,17.83,17.844,48,wikitext2,256,128,128,5,0.96,
wikitext2,2048,tq_replace,2,2,ok,8.101314,18.03,17.844,48,wikitext2,256,128,128,5,0.96,
wikitext2,4096,KIVI,1.5,1.5,error,,1.97,21.017,48,wikitext2,256,128,128,5,0.96,"CUDA out of memory. Tried to allocate 2.00 GiB. GPU 0 has a total capacity of 23.55 GiB of which 1.00 GiB is free. Including non-PyTorch memory, this process has 0 bytes memory in use. Of the allocated memory 18.08 GiB is allocated by PyTorch, and 4.01 GiB is reserved by PyTorch but unallocated. If reserved but unallocated memory is large try setting PYTORCH_CUDA_ALLOC_CONF=expandable_segments:True to avoid fragmentation.  See documentation for Memory Management  (https://pytorch.org/docs/stable"
wikitext2,4096,KIVI,2,1.5,error,,1.98,21.017,48,wikitext2,256,128,128,5,0.96,"CUDA out of memory. Tried to allocate 2.00 GiB. GPU 0 has a total capacity of 23.55 GiB of which 1.00 GiB is free. Including non-PyTorch memory, this process has 0 bytes memory in use. Of the allocated memory 18.08 GiB is allocated by PyTorch, and 4.01 GiB is reserved by PyTorch but unallocated. If reserved but unallocated memory is large try setting PYTORCH_CUDA_ALLOC_CONF=expandable_segments:True to avoid fragmentation.  See documentation for Memory Management  (https://pytorch.org/docs/stable"
wikitext2,4096,KIVI,2,2,error,,1.97,21.017,48,wikitext2,256,128,128,5,0.96,"CUDA out of memory. Tried to allocate 2.00 GiB. GPU 0 has a total capacity of 23.55 GiB of which 1.00 GiB is free. Including non-PyTorch memory, this process has 0 bytes memory in use. Of the allocated memory 18.08 GiB is allocated by PyTorch, and 4.01 GiB is reserved by PyTorch but unallocated. If reserved but unallocated memory is large try setting PYTORCH_CUDA_ALLOC_CONF=expandable_segments:True to avoid fragmentation.  See documentation for Memory Management  (https://pytorch.org/docs/stable"
wikitext2,4096,fp16,1.5,1.5,error,,0.00,20.994,48,wikitext2,256,128,128,5,0.96,"CUDA out of memory. Tried to allocate 2.00 GiB. GPU 0 has a total capacity of 23.55 GiB of which 1.90 GiB is free. Including non-PyTorch memory, this process has 0 bytes memory in use. Of the allocated memory 18.06 GiB is allocated by PyTorch, and 3.13 GiB is reserved by PyTorch but unallocated. If reserved but unallocated memory is large try setting PYTORCH_CUDA_ALLOC_CONF=expandable_segments:True to avoid fragmentation.  See documentation for Memory Management  (https://pytorch.org/docs/stable"
wikitext2,4096,fp16,2,1.5,error,,0.00,20.994,48,wikitext2,256,128,128,5,0.96,"CUDA out of memory. Tried to allocate 2.00 GiB. GPU 0 has a total capacity of 23.55 GiB of which 1.90 GiB is free. Including non-PyTorch memory, this process has 0 bytes memory in use. Of the allocated memory 18.06 GiB is allocated by PyTorch, and 3.13 GiB is reserved by PyTorch but unallocated. If reserved but unallocated memory is large try setting PYTORCH_CUDA_ALLOC_CONF=expandable_segments:True to avoid fragmentation.  See documentation for Memory Management  (https://pytorch.org/docs/stable"
wikitext2,4096,fp16,2,2,error,,1.74,20.994,48,wikitext2,256,128,128,5,0.96,"CUDA out of memory. Tried to allocate 2.00 GiB. GPU 0 has a total capacity of 23.55 GiB of which 1.90 GiB is free. Including non-PyTorch memory, this process has 0 bytes memory in use. Of the allocated memory 18.06 GiB is allocated by PyTorch, and 3.13 GiB is reserved by PyTorch but unallocated. If reserved but unallocated memory is large try setting PYTORCH_CUDA_ALLOC_CONF=expandable_segments:True to avoid fragmentation.  See documentation for Memory Management  (https://pytorch.org/docs/stable"
wikitext2,4096,skvq_baseline,1.5,1.5,error,,1.46,22.863,48,wikitext2,256,128,128,5,0.96,"CUDA out of memory. Tried to allocate 2.00 GiB. GPU 0 has a total capacity of 23.55 GiB of which 28.69 MiB is free. Including non-PyTorch memory, this process has 0 bytes memory in use. Of the allocated memory 19.99 GiB is allocated by PyTorch, and 3.07 GiB is reserved by PyTorch but unallocated. If reserved but unallocated memory is large try setting PYTORCH_CUDA_ALLOC_CONF=expandable_segments:True to avoid fragmentation.  See documentation for Memory Management  (https://pytorch.org/docs/stabl"
wikitext2,4096,skvq_baseline,2,1.5,error,,1.53,22.863,48,wikitext2,256,128,128,5,0.96,"CUDA out of memory. Tried to allocate 2.00 GiB. GPU 0 has a total capacity of 23.55 GiB of which 28.69 MiB is free. Including non-PyTorch memory, this process has 0 bytes memory in use. Of the allocated memory 19.99 GiB is allocated by PyTorch, and 3.07 GiB is reserved by PyTorch but unallocated. If reserved but unallocated memory is large try setting PYTORCH_CUDA_ALLOC_CONF=expandable_segments:True to avoid fragmentation.  See documentation for Memory Management  (https://pytorch.org/docs/stabl"
wikitext2,4096,skvq_baseline,2,2,error,,1.45,22.863,48,wikitext2,256,128,128,5,0.96,"CUDA out of memory. Tried to allocate 2.00 GiB. GPU 0 has a total capacity of 23.55 GiB of which 28.69 MiB is free. Including non-PyTorch memory, this process has 0 bytes memory in use. Of the allocated memory 19.99 GiB is allocated by PyTorch, and 3.07 GiB is reserved by PyTorch but unallocated. If reserved but unallocated memory is large try setting PYTORCH_CUDA_ALLOC_CONF=expandable_segments:True to avoid fragmentation.  See documentation for Memory Management  (https://pytorch.org/docs/stabl"
wikitext2,4096,tq_hybrid,1.5,1.5,error,,3.40,21.008,48,wikitext2,256,128,128,5,0.96,"CUDA out of memory. Tried to allocate 2.00 GiB. GPU 0 has a total capacity of 23.55 GiB of which 1.73 GiB is free. Including non-PyTorch memory, this process has 0 bytes memory in use. Of the allocated memory 18.59 GiB is allocated by PyTorch, and 2.77 GiB is reserved by PyTorch but unallocated. If reserved but unallocated memory is large try setting PYTORCH_CUDA_ALLOC_CONF=expandable_segments:True to avoid fragmentation.  See documentation for Memory Management  (https://pytorch.org/docs/stable"
wikitext2,4096,tq_hybrid,2,1.5,error,,3.45,21.008,48,wikitext2,256,128,128,5,0.96,"CUDA out of memory. Tried to allocate 2.00 GiB. GPU 0 has a total capacity of 23.55 GiB of which 1.73 GiB is free. Including non-PyTorch memory, this process has 0 bytes memory in use. Of the allocated memory 18.59 GiB is allocated by PyTorch, and 2.77 GiB is reserved by PyTorch but unallocated. If reserved but unallocated memory is large try setting PYTORCH_CUDA_ALLOC_CONF=expandable_segments:True to avoid fragmentation.  See documentation for Memory Management  (https://pytorch.org/docs/stable"
wikitext2,4096,tq_hybrid,2,2,error,,3.81,21.008,48,wikitext2,256,128,128,5,0.96,"CUDA out of memory. Tried to allocate 2.00 GiB. GPU 0 has a total capacity of 23.55 GiB of which 1.73 GiB is free. Including non-PyTorch memory, this process has 0 bytes memory in use. Of the allocated memory 18.59 GiB is allocated by PyTorch, and 2.77 GiB is reserved by PyTorch but unallocated. If reserved but unallocated memory is large try setting PYTORCH_CUDA_ALLOC_CONF=expandable_segments:True to avoid fragmentation.  See documentation for Memory Management  (https://pytorch.org/docs/stable"
wikitext2,4096,tq_replace,1.5,1.5,error,,1.06,20.287,48,wikitext2,256,128,128,5,0.96,"CUDA out of memory. Tried to allocate 2.00 GiB. GPU 0 has a total capacity of 23.55 GiB of which 1.73 GiB is free. Including non-PyTorch memory, this process has 0 bytes memory in use. Of the allocated memory 17.41 GiB is allocated by PyTorch, and 3.95 GiB is reserved by PyTorch but unallocated. If reserved but unallocated memory is large try setting PYTORCH_CUDA_ALLOC_CONF=expandable_segments:True to avoid fragmentation.  See documentation for Memory Management  (https://pytorch.org/docs/stable"
wikitext2,4096,tq_replace,2,1.5,error,,1.07,20.287,48,wikitext2,256,128,128,5,0.96,"CUDA out of memory. Tried to allocate 2.00 GiB. GPU 0 has a total capacity of 23.55 GiB of which 1.73 GiB is free. Including non-PyTorch memory, this process has 0 bytes memory in use. Of the allocated memory 17.41 GiB is allocated by PyTorch, and 3.95 GiB is reserved by PyTorch but unallocated. If reserved but unallocated memory is large try setting PYTORCH_CUDA_ALLOC_CONF=expandable_segments:True to avoid fragmentation.  See documentation for Memory Management  (https://pytorch.org/docs/stable"
wikitext2,4096,tq_replace,2,2,error,,1.06,20.287,48,wikitext2,256,128,128,5,0.96,"CUDA out of memory. Tried to allocate 2.00 GiB. GPU 0 has a total capacity of 23.55 GiB of which 1.73 GiB is free. Including non-PyTorch memory, this process has 0 bytes memory in use. Of the allocated memory 17.41 GiB is allocated by PyTorch, and 3.95 GiB is reserved by PyTorch but unallocated. If reserved but unallocated memory is large try setting PYTORCH_CUDA_ALLOC_CONF=expandable_segments:True to avoid fragmentation.  See documentation for Memory Management  (https://pytorch.org/docs/stable"
